<?xml version="1.0" encoding="UTF-8"?>
<jndiConfig xmlns="http://wsrf.globus.org/jndi/config">
    <global>
        <resource
            name="notificationConsumerHome"
            type="org.globus.wsrf.impl.notification.NotificationConsumerHome">
            <resourceParams>
                <parameter>
                    <name>resourceClass</name>
                    <value>org.globus.wsrf.impl.NotificationConsumerCallbackManagerImpl</value>
                </parameter>
                <parameter>
                    <name>resourceKeyName</name>
                    <value>{http://www.globus.org/namespaces/2004/06/core}NotificationConsumerKey</value>
                </parameter>
                <parameter>
                    <name>resourceKeyType</name>
                    <value>java.lang.String</value>
                </parameter>
            </resourceParams>
        </resource>

        <resource
            name="wm/ContainerWorkManager"
            type="org.globus.wsrf.impl.work.WorkManagerImpl">
            <resourceParams>
                <parameter>
                    <name>maxPoolSize</name>
                    <value>3</value>
                </parameter>
            </resourceParams>
        </resource>
        <resource
            name="timer/ContainerTimer"
            type="org.globus.wsrf.impl.timer.TimerManagerImpl">
            <resourceParams>
                <parameter>
                    <name>poolSize</name>
                    <value>1</value>
                </parameter>
            </resourceParams>
        </resource>

        <resource name="query/eval/xpath"
                  type="org.globus.wsrf.impl.XPathExpressionEvaluator"/>
        <resource name="query/ContainerQueryEngine"
                  type="org.globus.wsrf.impl.QueryEngineImpl"/>

        <resource name="topic/eval/simple"
                  type="org.globus.wsrf.impl.SimpleTopicExpressionEvaluator"/>
        <resource name="topic/ContainerTopicExpressionEngine"
                  type="org.globus.wsrf.impl.TopicExpressionEngineImpl"/>
    </global>
    <service name="NotificationConsumerService">
        <resourceLink
            name="home"
            target="java:comp/env/notificationConsumerHome"/>
    </service>
    <service name="gsi/AuthenticationService">
        <resource
            name="home"
            type="org.globus.wsrf.impl.security.authentication.secureconv.service.SecurityContextHome">
            <resourceParams>
                <parameter>
                    <name>resourceClass</name>
                    <value>org.globus.wsrf.impl.security.authentication.secureconv.service.SecurityContext</value>
                </parameter>
                <parameter>
                    <name>resourceKeyName</name>
                    <value>{http://www.globus.org/namespaces/2004/06/core}SecureContextKey</value>
                </parameter>
                <parameter>
                    <name>resourceKeyType</name>
                    <value>java.lang.String</value>
                </parameter>
            </resourceParams>
        </resource>
    </service>
</jndiConfig>